id,regdate,first_name,last_name,email_address,homephone,street,city,state,zipcode
7,11/12/08 16:05,Mary kate,Curry,wmppydaymaker@jumpstartlab.com,2023281000,1509 jackson street,baltimore,md,21230
30,12/3/08 21:43,Sarah,Cordova,tmai.202@jumpstartlab.com,4109639000,5430 hesperus drive,columbia,md,21044
32,12/4/08 9:21,Greg,Dzara,jmpender@jumpstartlab.com,3012702000,122 park avenue,takoma park,md,20912
113,12/10/08 11:51,Jacqueline,Chan,dpstrunn@jumpstartlab.com,2022567000,4 delford ave,silver spring,md,20904
119,12/10/08 21:42,Ann,Macconnell,suslandgurl@jumpstartlab.com,5145448000,11025 graymarsh place,ijamsville,md,21754
132,12/11/08 18:00,Caitlin,Spitz,guhn@jumpstartlab.com,2408998000,4405 29th street,mount rainier,md,20712
147,12/13/08 10:34,Megan,Fea,mball13@jumpstartlab.com,4103820000,2908 old court road,baltimore,md,21208
155,12/15/08 0:39,Gena,Taylor,kabbbbbnnnnnnn@jumpstartlab.com,4109086000,11846 winterlong way,columbia,md,21044
270,12/18/08 16:21,Jordan,Neer,oklerd52@jumpstartlab.com,3014714000,7501 mayfair court,mount airy,md,21771
337,12/19/08 10:11,Emma,Bookstein,vranaveytsman@jumpstartlab.com,3109024000,6120 snowden's run,eldersburg,md,21784
437,12/19/08 18:35,Laura,Rios,iltherine.durkin@jumpstartlab.com,2408930000,705 colby ave.,takoma park,md,20912
465,12/20/08 11:32,Abby,Lam,kdmes.paul89@jumpstartlab.com,2404780000,p o box 346,garrett park,md,20896
467,12/20/08 11:43,Edward,Mathieson,uwackett@jumpstartlab.com,3014486000,5011 flanders ave.,kensington,md,20895
468,12/20/08 11:47,Urs,Stein,oaycejc3@jumpstartlab.com,3018285000,5217 elsmere ave.,bethesda,md,20814
469,12/20/08 11:53,Kris,Forrester,fcuerra1@jumpstartlab.com,3017676000,10233 farnham drive,bethesda,md,20814
470,12/20/08 11:58,Helene,Van beek,vsckmajm@jumpstartlab.com,2027010000,11501 regnid dr.,silver spring,md,20902
471,12/20/08 12:05,Jane,Dahan,sfarrell@jumpstartlab.com,3019103000,9802 holmhurst rd,bethesda,md,20817
472,12/20/08 12:18,Vinicio,Healey,tyicastout@jumpstartlab.com,3019103000,2800 ducall road,woodbine,md,21797
473,12/20/08 12:21,Peter,Farrell,orll18@jumpstartlab.com,3019103000,117 s van buren st,rockville,md,20850
474,12/20/08 12:26,Emily,Wolochow,mjith.farrell@jumpstartlab.com,"",4413 everett st,kensington,md,20891
475,12/20/08 12:34,Viktoria,Thibodeaux,oiresch@jumpstartlab.com,2406711000,3335 hewitt ave apt 302,silver spring,md,20906
476,12/20/08 12:40,Bill,Epstein,iiomasem@jumpstartlab.com,2406028000,2006 luzerne ave.,silver spring,md,20910
508,12/28/08 15:55,Etsu,De haven,xglackwell.tidline@jumpstartlab.com,2404780000,2616 colston drive,chevy chase,md,20815
509,12/28/08 16:12,Kathryn,Hardy,vsilliard@jumpstartlab.com,3019227000,4400 cambria avenue,garrett park,md,20896
585,1/5/09 16:53,Max,Young,mbrena.whitridge@jumpstartlab.com,3017870000,5912 somerset rd.,riverdale,md,20737
696,1/7/09 11:58,Mariana,Hayes,xvicia.normand@jumpstartlab.com,7182906000,"6935 laurel ave, #201",takoma park,md,20912
700,1/7/09 14:52,Robert,Larkins,gmssicacrivas@jumpstartlab.com,4436184000,8094 ventnor road,pasadena,md,21122
729,1/10/09 12:44,Sarah,Ojeh,bfkelly@jumpstartlab.com,4104743000,8000 boteler lane appt 248a,college park,md,20742
766,1/14/09 23:31,Alex,Garrett,taistin.sullivan@jumpstartlab.com,9084777000,"",college park,md,20742
774,1/15/09 15:34,Stephanie,Udell,ihtherinemhoffman@jumpstartlab.com,2024980000,"10419 glen manor dr.,",bowie,md,20720
806,1/15/09 19:11,Dea,Frey,ftuffman_k@jumpstartlab.com,6094254000,401 rosemont ave,frederick,md,21701
824,1/16/09 15:05,Joe,Rizzo,eooss_a@jumpstartlab.com,2405358000,"",college park,md,20740
825,1/16/09 15:29,Martina,Panacionne,dqkevill@jumpstartlab.com,3018988000,po box 82,walkersville,md,21793
1028,1/20/09 19:54,Null,Beadle,ehdungan@jumpstartlab.com,4108480000,628 barnes ave,westminster,md,21157
1031,1/20/09 19:58,Ben,Stafne,crerymac13@jumpstartlab.com,4108480000,628 barnes ave,westminster,md,21157
1032,1/20/09 20:03,Audrie,Judge,rhfo8296@jumpstartlab.com,4108570000,2084 old fridinger mill rd,westminster,md,21157
1033,1/20/09 20:08,Annie,Young,pqrl.stockman@jumpstartlab.com,4108570000,2084 old fridinger mill rd,westminster,md,21157
1034,1/20/09 20:13,Andrew,Bauer,kpttri@jumpstartlab.com,4436054000,3032 bird view rd,westminster,md,21157
1036,1/20/09 20:17,Elizabeth,Derek,myugg@jumpstartlab.com,4436044000,3140 slippery elm ct,westminster,md,21157
1037,1/20/09 20:22,Kaitlin,Theve,pcthan.taylor05@jumpstartlab.com,"",5911 millrace ct,columbia,md,21045
1041,1/20/09 20:27,Chuck,Evans-verret,qhrphy_jp@jumpstartlab.com,4438231000,2748 old westminster pike,westminster,md,21048
1045,1/20/09 20:32,Ali,Maurer,bsicksam@jumpstartlab.com,2405222000,60 pershing st,cumberland,md,21521
1049,1/20/09 20:38,John,Huber,nileyd@jumpstartlab.com,3016897000,60 pershing st,cumberland,md,21521
1194,1/20/09 23:22,Catherine,Ng,nhrtonwa@jumpstartlab.com,2406455000,3512 woodbine st,chevy chase,md,20815
1202,1/20/09 23:28,Dominika,Calderado,jnyres@jumpstartlab.com,3013184000,8000 boteler lane apt. 716,college park,md,20740
1212,1/20/09 23:36,Corey,Morris,wvz7y@jumpstartlab.com,3013184000,8000 boteler lane apt. 716,college park,md,20740
1217,1/20/09 23:42,Nichol,Lally,xwckandahalf@jumpstartlab.com,2405931000,15611 straughn drive,laurel,md,20707
1222,1/20/09 23:46,Andrew,Waisbren,xkectrae@jumpstartlab.com,3013184000,"247-10 leonardtown hall, university of maryland",college park,md,20742
1226,1/20/09 23:50,Danielle,Chan,dqagles64@jumpstartlab.com,5186510000,"6901 preinkert drive, apt. 6601c",college park,md,20740
1231,1/20/09 23:51,Sam,Bates,gver0030@jumpstartlab.com,8479428000,"4215 centreville hall, university of maryland",college park,md,20742
1233,1/20/09 23:54,Christina,Force,jtessert@jumpstartlab.com,3013184000,8000 boteler lane apt. 716,college park,md,20740
1235,1/20/09 23:57,Amelia,Huggenkiss,namcgaughey@jumpstartlab.com,3013184000,8000 boteler lane,college park,md,20740
1238,1/20/09 23:59,Bart,Zwicker,assinclair10@jumpstartlab.com,4102124000,1414 anna marie ct.,annapolis,md,21409
1241,1/21/09 0:01,Keith,Perez,bjui172@jumpstartlab.com,4105969000,8000 boteler lane,college park,md,20740
1243,1/21/09 0:03,Jessie,Moore,suowe@jumpstartlab.com,3013184000,8000 boteler lane,college park,md,20740
1349,1/21/09 13:37,Nicole,Neal,yyrown47@jumpstartlab.com,8605502000,1916 mt. royal terrace,baltimore,md,21217
1416,1/21/09 15:59,Nicolas,Schiller,hsrahmills.sullivan@jumpstartlab.com,3016545000,4910 cumberland avenue,chevy chase,md,20815
1475,1/21/09 16:45,Ian,O'shaughnessy,rwthomaswallace@jumpstartlab.com,4102592000,628 barnes ave,westminster,md,21157
1526,1/21/09 18:13,Tracy,Burdiss,fok32@jumpstartlab.com,4436177000,28 heather hill rd,catonsville,md,21228
1528,1/21/09 18:17,Tatiana,Maccabe,mrise.gabriel@jumpstartlab.com,3017856000,1000 hilltop circle,baltimore,md,21250
1533,1/21/09 18:22,Joe,Lepore,uhenanova3@jumpstartlab.com,4437563000,1000 hilltop circle,baltimore,md,21250
1536,1/21/09 18:25,Will,Peterson,if7233a@jumpstartlab.com,3016462000,1000 hilltop circle,baltimore,md,21250
1538,1/21/09 18:29,Bryan,Somor,lwxiechick_heeler@jumpstartlab.com,4104195000,1000 hilltop circle,baltimore,md,21250
1552,1/21/09 18:48,Andrew,Cine,frkeith@jumpstartlab.com,4435283000,28 advocate hill dr,jarrettsville,md,21084
1560,1/21/09 18:53,Jessica,Stockman,ewmms711@jumpstartlab.com,4439383000,1000 hilltop circle,baltimore,md,21250
1567,1/21/09 18:57,Jessica,Lumbert,tl@jumpstartlab.com,3019193000,1000 hilltop circle,baltimore,md,21250
1576,1/21/09 19:01,Catherine,Placey,vflly@jumpstartlab.com,8452641000,1000 hilltop circle,baltimore,md,21250
1582,1/21/09 19:04,Elizabeth,Hindes,nlristopherbentley@jumpstartlab.com,4104408000,1000 hilltop circle,baltimore,md,21250
1592,1/21/09 19:10,Shannon,Phillips,yuhrenwerth@jumpstartlab.com,2023290000,1000 hilltop circle,baltimore,md,21250
1598,1/21/09 19:12,Gabriela,Kiener,apaire.rosenkvist@jumpstartlab.com,4104093000,1000 hilltop circle,baltimore,md,21250
1602,1/21/09 19:14,Ryan,Duncombe,hamp9321@jumpstartlab.com,2038042000,1000 hilltop circle,baltimore,md,21250
1633,1/21/09 19:39,Katelyn,Jenkins,kqryan@jumpstartlab.com,9522396000,p.o. box 15403,annapolis,md,21412
1764,1/21/09 20:51,David,Two,mcmelhorn@jumpstartlab.com,3019105000,14001 blazer lane,silver spring,md,20906
1834,1/21/09 21:17,William,Gardner,xgc1@jumpstartlab.com,4029904000,campus center 2527 16800 pt. lookout rd,st. mary's city,md,20686
1843,1/21/09 21:22,Francisco,Rush,siather.jennings@jumpstartlab.com,2406201000,"campus center #1754, 16800 point lookout rd",st. mary's city,md,20686
1866,1/21/09 21:30,Leah,Lapointe,vbmzar@jumpstartlab.com,2406201000,16800 point lookout rd.,st. mary's city,md,20686
1881,1/21/09 21:36,Jessica,Barrows,kphndoe13@jumpstartlab.com,2406201000,16800 point lookout road,st mary's city,md,20686
1901,1/21/09 21:44,Kaitlin,Santiago,gflajagger@jumpstartlab.com,5038053000,"campus center 2714, 16800 point lookout rd.",st. mary's city,md,20686
1916,1/21/09 21:53,Sophia,Tecleab,cicampbe@jumpstartlab.com,4103704000,campus center 1346 16800 point lookout rd,st mary's city,md,20686
1931,1/21/09 22:00,Robert,Oorthuys,awndol_n@jumpstartlab.com,7178564000,16800 point lookout road,st mary's city,md,20686
1934,1/21/09 22:00,Mollie,Mussehl,juworthy@jumpstartlab.com,3019432000,"campus center #1067, 16800 point lookout road",laurel,md,20686
1951,1/21/09 22:08,Allegra,Lopez,qssminemerriweather@jumpstartlab.com,7034240000,"campus center 1912, 16800 point lookout rd",st mary's city,md,20686
1962,1/21/09 22:11,Ginny,Bartlett,fuberly.sinclair@jumpstartlab.com,5555555000,16800 point look road,st. mary's city,md,20686
1976,1/21/09 22:16,Katya,Oliver,pemoba6@jumpstartlab.com,5555555000,16800 point lookout rd,st marys city,md,20686
1981,1/21/09 22:17,Laney,Tyson,kaghav.goyal@jumpstartlab.com,3213215000,16800 pt lookout rd,st. mary's city,md,20686
1989,1/21/09 22:19,Heather,Foley,ctohnson716@jumpstartlab.com,5555555000,16800 point lookout rd,st marys city,md,20686
1990,1/21/09 22:19,Rachel,Redmond,tcreilly@jumpstartlab.com,3213215000,16800 pt lookout rd,st. marys city,md,20686
2000,1/21/09 22:22,Ragini,Moss,yusse.d.fries@jumpstartlab.com,5555555000,16800 point lookout rd,st marys city,md,20686
2015,1/21/09 22:26,Kadie,Hillman,agara_wright@jumpstartlab.com,5555555000,16800 point lookout rd,st marys city,md,20686
2017,1/21/09 22:26,Erin,Schy,rjchel.howson@jumpstartlab.com,3213215000,16800 pt lookout rd,st. marys city,md,20686
2025,1/21/09 22:28,Aida,Nutter-upham,guazar@jumpstartlab.com,5555555000,16800 point lookout rd,st marys city,md,20686
2026,1/21/09 22:29,Zach,Jones,olffj@jumpstartlab.com,3213215000,16800 pt lookout rd,st. mary's city,md,20686
2035,1/21/09 22:31,Teen,Waldo,vf9gw@jumpstartlab.com,5555555000,16800 point lookout rd,st marys city,md,20686
2036,1/21/09 22:31,Lindsay,Migliorini,jk2184a@jumpstartlab.com,3213215000,16800 pt lookout rd,st. mary's city,md,20686
2047,1/21/09 22:33,Rebecca,Seeliger,yocoburn@jumpstartlab.com,5555555000,16800 point lookout rd,st marys city,md,20686
2054,1/21/09 22:34,Jessica,Dulys-nusbaum,nvimslopez@jumpstartlab.com,3213215000,16800 pt lookout rd,st. mary's city,md,20686
2058,1/21/09 22:35,Stacy,Peeler,tarta.musial@jumpstartlab.com,5555555000,16800 point lookout rd,st marys city,md,20686
2063,1/21/09 22:37,Linda,Peterson,qaarren@jumpstartlab.com,3213215000,16800 pt lookout rd,st. mary's city,md,20686
2065,1/21/09 22:37,Brandon,Hoh,hleyew@jumpstartlab.com,5555555000,16800 point lookout rd,st marys city,md,20686
2076,1/21/09 22:39,Katie,Rodriguez,kkhorn@jumpstartlab.com,3213215000,16800 point lookout rd.,st. mary's city,md,20686
2078,1/21/09 22:39,Nora,Bender,jxhnathon.daniel@jumpstartlab.com,5555555000,16800 point lookout rd,st marys city,md,20686
2088,1/21/09 22:41,Courtney,Kuria,vlk58@jumpstartlab.com,5555555000,16800 point lookout rd,st marys city,md,20686
2093,1/21/09 22:43,Sara,Collier,xbenybn@jumpstartlab.com,5555555000,16800 point lookout rd,st marys city,md,20686
2103,1/21/09 22:45,Laura,Thai,oally.sharrow@jumpstartlab.com,5555555000,16800 point lookout rd,st marys city,md,20686
2109,1/21/09 22:46,John,Fink,stiorio@jumpstartlab.com,3213215000,16800 point lookout rd.,st. mary's city,md,20686
2117,1/21/09 22:47,Myriam,Chase,jevesayj@jumpstartlab.com,5555555000,16800 point lookout rd,st marys city,md,20686
2123,1/21/09 22:49,Chris,Bradley,chehli.1@jumpstartlab.com,3213215000,16800 point lookout rd.,st. mary's city,md,20686
2126,1/21/09 22:49,Danielle,Warren,okwhiteman@jumpstartlab.com,5555555000,16800 point lookout rd,st marys cityq,md,20686
2139,1/21/09 22:51,Lisa,Kearney,vkeygordon@jumpstartlab.com,5555555000,16800 point lookout rd,st marys city,md,20686
2149,1/21/09 22:53,Gabrielle,Stoneking,jostilllusesabeeper@jumpstartlab.com,5555555000,16800 point lookout rd,st marys city,md,20686
2150,1/21/09 22:53,Jake,Hall,ifinero@jumpstartlab.com,4029904000,16800 point lookout rd.,st. mary's city,md,20686
2155,1/21/09 22:54,Bret,Ebersole,yhsloa08@jumpstartlab.com,5555555000,16800 point lookout rd,st marys city,md,20686
2160,1/21/09 22:55,Nell,Houghton,vjm2865@jumpstartlab.com,4029904000,16800 point lookout rd.,st. mary's city,md,20686
2167,1/21/09 22:56,Robert,Wein,yahrison@jumpstartlab.com,5555555000,16800 point lookout rd,st marys city,md,20686
2174,1/21/09 22:58,Ashley,Lopez,vermideo@jumpstartlab.com,5555555000,16800 point lookout rd,st marys city,md,20686
2183,1/21/09 23:00,John,Jahne,qyieff@jumpstartlab.com,5555555000,16800 point lookout rd,st marys city,md,20686
2185,1/21/09 23:00,Hannah,Moskowitz,rbolley@jumpstartlab.com,4029904000,16800 point lookout rd.,yhfh,md,20686
2190,1/21/09 23:01,Tony,Reay,uxffret@jumpstartlab.com,5555555000,16800 point lookout rd,st marys city,md,20686
2303,1/21/09 23:40,Eliza,Baker,ykvinga@jumpstartlab.com,9086982000,ms 2361 loyola college 4501 north charles st,baltimore,md,21210
2310,1/21/09 23:42,Natalie,Fowler,netite_nombre@jumpstartlab.com,9086982000,ms 2361 4501 n charles st,baltimore,md,21210
2317,1/21/09 23:44,William,Davies,rxowden3@jumpstartlab.com,9086982000,ms 2361 4501 n. charles st,baltimore,md,21210
2329,1/21/09 23:46,Sarah,Null,rcverburg@jumpstartlab.com,9086982000,ms 2361 4501 n. charles st,baltimore,md,21210
2338,1/21/09 23:47,Jennifer,Donnelly,qxaschreck@jumpstartlab.com,9086982000,2361 4501 n. charles st,baltimore,md,21210
2350,1/21/09 23:49,Shelby,Sullivan,bereenberg@jumpstartlab.com,6312912000,ms 2361 4501 n charles st,baltimore,md,21210
2359,1/21/09 23:51,Courtney,Evans,agatsfunny1688@jumpstartlab.com,4103702000,ms 3356 loyola college 4501 n charles st,baltimore,md,21210
2370,1/21/09 23:53,Wendy,Hunter,elgerow@jumpstartlab.com,9087525000,ms 2361 4501 n charles st,baltimore,md,21210
2375,1/21/09 23:55,Lance,Ter kuile,yboaks@jumpstartlab.com,6318735000,124,baltimore,md,21210
2381,1/21/09 23:57,Chris,Whitney,bcisher@jumpstartlab.com,4103702000,456,baltimore,md,21210
2545,1/22/09 13:22,Null,Mccusker,papokuag@jumpstartlab.com,5082748000,"1519 east falkland ln, apt 154",silver spring,md,20910
2615,1/24/09 19:54,Minrose,Richards,klsheac@jumpstartlab.com,6179353000,"5215 centreville hall, university of maryland",college park,md,20742
2668,1/26/09 20:47,Diana,Kolodin,mqrosent@jumpstartlab.com,3017872000,4226a guilford dr,college park,md,20817
2681,1/26/09 22:24,Kevin,Balinsky-baker,xlarab1@jumpstartlab.com,9145844000,7600 flower ave.,takoma park,md,20912
2682,1/26/09 22:27,Richard,Herman,xb@jumpstartlab.com,7322997000,1001 kennebec ave.,takoma park,md,20912
2683,1/26/09 22:36,Michael,Embick,sdfonteyne@jumpstartlab.com,9136871000,7600 flower ave.,"takoma park,",md,20912
2685,1/26/09 22:43,X,Litzenberg,bfoseen@jumpstartlab.com,2403508000,15144 red cedar dr.,burtonsville,md,20866
2686,1/26/09 23:11,Melissa,Stachowski,dnhimjolly@jumpstartlab.com,3015189000,15144 red cedar dr.,burtonsville,md,20866
2691,1/26/09 23:23,Dani,Becker,uxch.hastings@jumpstartlab.com,2403869000,7600 flower ave.,takoma park,md,20912
2693,1/26/09 23:27,Milton,Lister,dqingold@jumpstartlab.com,3018914000,7600 flower ave.,takoma park,md,20912
2742,1/27/09 21:47,Laura,Voutour,tuyrotenberg@jumpstartlab.com,3014740000,2 p plateau pl,greenbelt,md,20770
2750,1/28/09 8:58,Jessica,Svoboda,vxitkens724@jumpstartlab.com,8608106000,4501 n charles st. ms 2700,baltimore,md,21210
2756,1/28/09 11:24,Jesse,Doe,gsaddario@jumpstartlab.com,7174482000,1304 peaceful lane,silver spring,md,20904
2822,1/28/09 21:54,Sheila,Slote,gdristina.holland@jumpstartlab.com,3019741000,8252 sandy stream road,laurel,md,20723
2842,1/29/09 10:13,Daniel,Doe,iicmseac@jumpstartlab.com,3013184000,7951 15th ave #201,hyattsville,md,20783
2846,1/29/09 11:58,Katie,Hopkins,gbnichol@jumpstartlab.com,4105928000,11819 stoney batter road,kingsville,md,21087
2892,1/29/09 15:12,Laney,Letcheva,pdisb_nuggs@jumpstartlab.com,8459887000,1401 potomac ave,hagerstown,md,21742
2946,1/29/09 19:54,Carl,See,fuoungma@jumpstartlab.com,6785710000,247-09d leonardtown,college park,md,20740
2960,1/29/09 20:46,Matthew,Borick,gclue-hitchens11@jumpstartlab.com,3013469000,247-09-c new leonardtown,college park,md,20742
3006,1/30/09 10:41,Alexis,Kauffman,ctnteyj@jumpstartlab.com,6173650000,3339 n. charles st.,baltimore,md,21218
3014,1/30/09 10:53,Whitney,San roman,fgoore@jumpstartlab.com,6173650000,2 w. university pkwy,baltimore,md,21218
3016,1/30/09 10:57,Eleanor,Tran,tiperchick447@jumpstartlab.com,6173650000,6010 california cir 114,rockville,md,20852
3019,1/30/09 11:01,Ben,Sibelman,kntsosj@jumpstartlab.com,6173650000,712 montpelier,baltimore,md,21218
3021,1/30/09 11:04,Isabelle,Thatcher,dybosem@jumpstartlab.com,6173650000,3339 n. charles,baltimore,md,21218
3022,1/30/09 11:07,Liana,Gent,eggordon@jumpstartlab.com,6173650000,3900 halstead,baltimore,md,21218
3024,1/30/09 11:10,Jessica,Bissessar,kkazirak@jumpstartlab.com,6173650000,110 w. 39th,baltimore,md,21210
3025,1/30/09 11:13,Jake,Matthews,feaversnob@jumpstartlab.com,6173650000,3501 st. paul,baltimore,md,21218
3026,1/30/09 11:15,Stephen,Xx,tull31@jumpstartlab.com,6173650000,3339 n charles,baltimore,md,21218
3029,1/30/09 11:18,Laura,Boyle,vvaterma@jumpstartlab.com,6173650000,110 w 39th,baltimore,md,21210
3030,1/30/09 11:21,John,Westwood,ngelacolwell@jumpstartlab.com,6173650000,3301 n charles st.,baltimore,md,21218
3033,1/30/09 11:23,Laura,Webster,ows_braun@jumpstartlab.com,6173650000,3003 n charles st,baltimore,md,21218
3034,1/30/09 11:26,Cassidy,Smith,vxurengill@jumpstartlab.com,6173650000,3003 n charles st,baltimore,md,21218
3061,1/30/09 12:16,Sherry,Khouang,ceanzet@jumpstartlab.com,3016131000,x,x,md,21216
3064,1/30/09 12:19,Keonna,Caldwell,lwlarali@jumpstartlab.com,3016131000,x,x,md,21216
3066,1/30/09 12:21,Meghan,Student,txancourt@jumpstartlab.com,3016131000,x,x,md,21216
3071,1/30/09 12:23,Catherine,Dutton,xfnnie.woldorf@jumpstartlab.com,3016131000,x,x,md,21216
3075,1/30/09 12:27,Philip,Sangha,nmnes4re@jumpstartlab.com,3016131000,x,x,md,21216
3078,1/30/09 12:29,Neha,D'addario,wyusecc@jumpstartlab.com,3016131000,x,x,md,21216
3079,1/30/09 12:30,Russell,Kurs,rnloe.sackett@jumpstartlab.com,3016131000,x,x,md,21216
3091,1/30/09 12:40,Aditi,Rizzo,odenajean@jumpstartlab.com,3016131000,x,x,md,21216
3096,1/30/09 12:43,Meredith,Zahorian,ypebee3000@jumpstartlab.com,3016131000,x,x,md,21216
3098,1/30/09 12:45,Heather,Thompson,rdm327@jumpstartlab.com,3016131000,x,x,md,21216
3139,1/30/09 14:16,Null,Howard,uqlitzen@jumpstartlab.com,5089549000,"247-10 leonardtown, university of maryland",college park,md,20742
3142,1/30/09 14:28,Jessica,Sanders,uvsorens@jumpstartlab.com,3016131000,x,x,md,21216
3144,1/30/09 14:30,Melanie,Phillips,hdaggio@jumpstartlab.com,3016131000,x,x,md,21216
3147,1/30/09 14:31,Alicia,Smedick,saoy3333@jumpstartlab.com,3016131000,x,x,md,21216
3148,1/30/09 14:33,Caroline,Mershon,ny@jumpstartlab.com,3016131000,x,x,md,21216
3149,1/30/09 14:37,Michael,Sprinzen,jyica.borgeswallace@jumpstartlab.com,3016131000,x,x,md,21216
3150,1/30/09 14:38,Sandddd,Hoffbeck,nrllinsj4@jumpstartlab.com,3016131000,x,x,md,21216
3152,1/30/09 14:39,Holly,Derwin,tcephanie.j.gardner@jumpstartlab.com,3016131000,x,x,md,21216
3153,1/30/09 14:41,Diana,Downing,sdhaw1@jumpstartlab.com,3016131000,x,x,md,21216
3156,1/30/09 14:43,Sarah,Waldman,cychelleighguillory@jumpstartlab.com,3016131000,x,x,md,21216
3159,1/30/09 14:44,Mary,Bell,cfeckerp@jumpstartlab.com,3016131000,x,x,md,21216
3161,1/30/09 14:46,Bridget,Hawes,lsmery@jumpstartlab.com,3016131000,x,x,md,21216
3165,1/30/09 14:47,Philip,Cruickshank,plerris@jumpstartlab.com,3016131000,x,x,md,21216
3166,1/30/09 14:48,Robert,Kohnstamm,ruood1988@jumpstartlab.com,3016131000,x,x,md,21216
3168,1/30/09 14:49,Jason,Law,agle_rosenblad@jumpstartlab.com,3016131000,x,x,md,21216
3169,1/30/09 14:51,Eric,Owens,moilema1@jumpstartlab.com,3016131000,x,x,md,21216
3171,1/30/09 14:52,Jillian,Dennis,urchnibe@jumpstartlab.com,3016131000,x,x,md,21216
3173,1/30/09 14:54,Christie,Pedicone,ixhndoe3@jumpstartlab.com,3016131000,x,x,md,21216
3175,1/30/09 14:55,Marcellus,Lane,nuttydus@jumpstartlab.com,3016131000,x,x,md,21216
3176,1/30/09 14:56,Valencia,Miller,dpaaaaaaaaa@jumpstartlab.com,3016131000,x,x,md,21216
3180,1/30/09 14:58,Elizabeth,Parry,acombard@jumpstartlab.com,3016131000,x,x,md,21216
3182,1/30/09 15:00,Juliet,Gill,tqnniferkrill@jumpstartlab.com,3016131000,x,x,md,21216
3184,1/30/09 15:01,Catherine,Howell-dinger,arnneryis007@jumpstartlab.com,3016131000,x,x,md,21216
3186,1/30/09 15:02,Andrea,Marchessault,ord9@jumpstartlab.com,3016131000,x,x,md,21216
3190,1/30/09 15:04,Jane,Mendez,natowel@jumpstartlab.com,3016131000,x,x,md,21216
3194,1/30/09 15:06,J,Ray-mazumder,tmclaibo@jumpstartlab.com,3016131000,x,x,md,21216
3196,1/30/09 15:09,Lea,Finkel,reanelle.dugan@jumpstartlab.com,3016131000,x,x,md,21216
3199,1/30/09 15:10,Whitney,Lynch,ahccernsv@jumpstartlab.com,3016131000,x,x,md,21216
3201,1/30/09 15:11,Michael,Moynahan,hkianhalprin@jumpstartlab.com,3016131000,x,x,md,21216
3205,1/30/09 15:13,James,Webster,vouljosephpark@jumpstartlab.com,3016131000,x,x,md,21216
3207,1/30/09 15:15,Catherine,Carodenuto,rcura.lipinski@jumpstartlab.com,3016131000,x,x,md,21216
3209,1/30/09 15:17,Francesca,Heinichen,lynfranklin@jumpstartlab.com,3016131000,x,x,md,21216
3211,1/30/09 15:18,Elise,Shapiro,aesout08@jumpstartlab.com,3016131000,x,x,md,21216
3213,1/30/09 15:20,Andreah,Van eck,qxcthruhiker17@jumpstartlab.com,3016131000,x,x,md,21216
3216,1/30/09 15:21,Marci,Wright,rbrie.stratton@jumpstartlab.com,3016131000,x,x,md,21216
3220,1/30/09 15:23,Mary,Skaggs,ijlldurrett@jumpstartlab.com,3016131000,x,x,md,21216
3222,1/30/09 15:25,Lorenzo,Coleman,jjaslett@jumpstartlab.com,3016131000,x,x,md,21216
3224,1/30/09 15:28,Andrew,Colehor,gjlupkin@jumpstartlab.com,3016131000,x,x,md,21216
3226,1/30/09 15:29,Beth,Laird,umt24@jumpstartlab.com,3016131000,x,x,md,21216
3230,1/30/09 15:31,Arielle,Dooley-feldman,kkccrory@jumpstartlab.com,3016131000,x,x,md,21216
3232,1/30/09 15:33,Katherine,Maloney,rcng2106@jumpstartlab.com,3016131000,x,x,md,21216
3235,1/30/09 15:34,Rebecca,Uzuki,gkpagecolby@jumpstartlab.com,3016131000,x,x,md,21216
3236,1/30/09 15:36,Georgia,Brown,pikeali27@jumpstartlab.com,3016131000,x,x,md,21216
3239,1/30/09 15:38,Euric,Griffin,rcll32@jumpstartlab.com,3016131000,x,x,md,21216
3241,1/30/09 15:40,Natalie,Jones,korkson.allegra@jumpstartlab.com,3016131000,x,x,md,21216
3242,1/30/09 15:41,Stacy,Reese,yohley.leclare@jumpstartlab.com,3016131000,x,x,md,21216
3341,1/30/09 17:50,Charles,Bolton,tfedina4@jumpstartlab.com,8143973000,1010 s. kenwood ave.,baltimore,md,21224
3452,1/31/09 6:44,Tarini,Atcheson,xkracken@jumpstartlab.com,4109920000,8945 footed ridge,columbia,md,21045
3480,1/31/09 12:02,Jamie,Marden,assse.d.jenkins@jumpstartlab.com,4432579000,"4230 knox road, apt. 1530",college park,md,20742
3488,1/31/09 12:57,Lillian,Repka,nywaibi@jumpstartlab.com,2404260000,3109 cambridge,college park,md,20742
3495,1/31/09 14:19,Natalie,Weinstein,xuwilburn11@jumpstartlab.com,2404010000,"247-9 leonardtown hall, university of maryland",college park,md,20742
3497,1/31/09 14:22,Nicholas,Cooper,yyvidpcorrado@jumpstartlab.com,9788444000,8000 boteler lane,college park,md,20740
3506,1/31/09 14:52,Shannon,Stewart,liarry@jumpstartlab.com,4102276000,1000 hilltop circle,baltimore,md,21250
3628,1/31/09 16:26,Melanie,Manchada,gxudgens@jumpstartlab.com,7183054000,1492 selworthy rd,potomac,md,20854
3679,1/31/09 17:27,Steph,Frederick,krott@jumpstartlab.com,4104585000,8000 boteler lane apt #124a,college park,md,29740
3688,1/31/09 17:50,Tamara,Siegel,dingbodu@jumpstartlab.com,3012579000,6905 donachie rd apt f,baltimore,md,21239
3691,1/31/09 17:53,Jay,Jeff,pmahlstr@jumpstartlab.com,3012579000,303 e. burke rd apt c,towson,md,21286
3699,1/31/09 18:08,Laurie,Clancy,jk@jumpstartlab.com,3012579000,3115-8 university blvd west,kensington,md,20895
3702,1/31/09 18:10,Jane,White,fpikatri@jumpstartlab.com,3012579000,8007 york rd apt c1,towson,md,21204
3703,1/31/09 18:11,Cara,Brubaker,tvnglese1@jumpstartlab.com,3103704000,6121 centreville hall,college park,md,20742
3704,1/31/09 18:12,Marcelino,O'bryon,jxrrieweikle@jumpstartlab.com,3022455000,8000 boteler lane apt. 124,college park,md,20740
3707,1/31/09 18:14,Jessica,Wang,vwinsa02@jumpstartlab.com,4436297000,11209 greenspring ave,lutherville,md,21093
3710,1/31/09 18:18,Kirsten,Suzor,hwiderc@jumpstartlab.com,4439942000,4603 harvard rd.,college park,md,20740
3715,1/31/09 18:21,Amanda,Dougherty,ukmitch07@jumpstartlab.com,2402103000,607 wilson ln,waldorf,md,20602
3718,1/31/09 18:24,X,Griffard,skmbolger@jumpstartlab.com,3012667000,6580 glendale place,la plata,md,20646
3724,1/31/09 18:28,Sarah,Williams,dvjaff07@jumpstartlab.com,4436324000,14021 woodlings lane,reisterstown,md,21136
3729,1/31/09 18:34,Sarah,Brisbois,wqlee0808@jumpstartlab.com,4436324000,3043 frisby st.,baltimore,md,21218
3731,1/31/09 18:34,Kelly,Santoro,auurtney.marie.davis@jumpstartlab.com,2402054000,28 lee ave. apt. 303,takoma park,md,20912
3734,1/31/09 18:37,Alice,Ogutu,ury1@jumpstartlab.com,4436167000,3327 charles st,fallston,md,21047
3737,1/31/09 18:40,Stephen,Fonda-bonardi,rilking_contradiction_27@jumpstartlab.com,2403469000,3802 brewster circle,waldorf,md,20601
3739,1/31/09 18:42,Jordan,Pfeffer,xfanjarr@jumpstartlab.com,2404614000,251 manor circle,takoma park,md,20912
3741,1/31/09 18:45,Hilary,Nayeem,lhavis@jumpstartlab.com,3018141000,251 manor circle,takoma park,md,20912
3778,1/31/09 19:29,Charlotte,Syrig,wwedellstiles@jumpstartlab.com,3013184000,6201 41st ave,hyattsville,md,20782
3782,1/31/09 19:36,Zachary,Reinauer,qrantiag@jumpstartlab.com,3046045000,5218 centreville,college park,md,20742
3800,1/31/09 19:56,Emma,Barker,rcberger@jumpstartlab.com,3013200000,2 bay tree lane,bethesda,md,20816
4005,2/1/09 9:32,Bradly,Zamudio,fyaronsmith@jumpstartlab.com,4102180000,1102 somerset hall,college park,md,20742
4054,2/1/09 13:07,Megan,Sager,xglia.shindel@jumpstartlab.com,5134172000,4227 oglethorpe st.,hyattsville,md,20781
4089,2/1/09 14:14,Null,Gupta,sxhndoe14@jumpstartlab.com,8125523000,"1133 e west hwy, ste 319-w",silver spring,md,20910
4214,2/1/09 16:45,Meredith,Doe,uimenez@jumpstartlab.com,3012529000,8000 travis ln,college park,md,20740
4235,2/1/09 17:05,Zach,Fencl,smtak@jumpstartlab.com,5136803000,"8204 baltimore ave, apt 718b",college park,md,20740
4347,2/1/09 18:45,Brandon,Zimmer,mmockc6@jumpstartlab.com,7327798000,401 rosemont ave.,frederick,md,21701
4537,2/1/09 20:44,Paul,Lazarowski,qnudmer@jumpstartlab.com,3013790000,17714 meetinghouse rd,sandy spring,md,20860
4542,2/1/09 20:49,Shane,August,anhilips@jumpstartlab.com,3018912000,1012 heather ave,takoma park,md,20912
4550,2/1/09 20:52,Leslie,Barns,ufoff@jumpstartlab.com,2406261000,24 jermae st,thurmont,md,21788
4551,2/1/09 20:53,Scott,Parker,qhuer321@jumpstartlab.com,2022701000,19308 alderbarn ct,brookeville,md,20833
4579,2/1/09 21:09,Shannon,Patrick,foshankland@jumpstartlab.com,2407500000,4 vallingby circle,rockvile,md,20850
4589,2/1/09 21:13,Sophia,Haskell,gbffb_123@jumpstartlab.com,3014740000,14-n laurel hill road,greenbelt,md,20770
4604,2/1/09 21:20,Rose,Arnold,oqenville@jumpstartlab.com,3012337000,6 middlebridge ct,silver spring,md,20906
4617,2/1/09 21:23,Alison,Dickson,xoolloway10@jumpstartlab.com,3012995000,8158 inverness ridge road,potomac,md,20854
4631,2/1/09 21:27,Eliza,Xx,wqrah.mary89@jumpstartlab.com,3019832000,11713 charen lane,potomac,md,20854
4666,2/1/09 21:37,Kirsten,Chronis,frmooski@jumpstartlab.com,3016174000,10584 hunters way,laurel,md,20723
4673,2/1/09 21:41,Dominique,Dewolf,xwh001@jumpstartlab.com,3015880000,9407 worth ave,silver spring,md,20901
4680,2/1/09 21:45,Sam,Wetherill,fyvegetarian@jumpstartlab.com,2404856000,10823 margate road,silver spring,md,20901
4693,2/1/09 21:48,X,Comer,iaivings@jumpstartlab.com,2406728000,3708 underwood rd,chevy chase,md,20815
4697,2/1/09 21:52,Katie,Roy,dhigsi01@jumpstartlab.com,2063722000,6201 41st ave,hyattsville,md,20782
4699,2/1/09 21:53,Jessica,Avendano,ruoore10@jumpstartlab.com,3017875000,1814 august dr,silver spring,md,20902
4705,2/1/09 21:56,Lauren,Marquis,fqenshen@jumpstartlab.com,3018303000,2103 hermitage road,wheaton,md,20902
4714,2/1/09 21:59,Michael,Spero,dcna.kuhnline@jumpstartlab.com,3018019000,8905 sudbury road,silver spring,md,20901
4741,2/1/09 22:09,Liam,Theden,psmcgrew@jumpstartlab.com,3014211000,2217 link road,silver spring,md,20905
4751,2/1/09 22:13,Stephanie,Siegler,npmaho06@jumpstartlab.com,2406027000,6905 pineway ave,university park,md,20782
4758,2/1/09 22:19,Ruth,Wofford,paallmeyer@jumpstartlab.com,2404971000,7423 lynnhurst street,chevy chase,md,20815
4772,2/1/09 22:30,Jane,Schwaneke,fjh224@jumpstartlab.com,3012197000,310 crabb avenue,rockville,md,20850
4781,2/1/09 22:35,Sajeewa,Tedrow,gerumber@jumpstartlab.com,3017606000,7710 iron forge court,derwood,md,20855
4786,2/1/09 22:37,Rhiannon,Mccall,plgermal@jumpstartlab.com,3014667000,4111 elkton hall,college park,md,20742
4789,2/1/09 22:38,Shannen,Queen,kjinda.manglik@jumpstartlab.com,3017749000,4105 alfalfa terrace,olney,md,20832
4861,2/1/09 23:11,Meg,Smith,jy379@jumpstartlab.com,3013184000,5024 berwyn road,college park,md,20740
4869,2/1/09 23:12,Arden,Lkjklljlkj,hslftylerblue@jumpstartlab.com,2402529000,3106 dorchester hall,college park,md,20742
4888,2/1/09 23:20,Kara,Baker,cms.bischoff@jumpstartlab.com,2408884000,7600 flower ave.,takoma park,md,20912
4904,2/1/09 23:25,Genevieve,Catellacci,gyura.kriegel@jumpstartlab.com,3013184000,6109 hagerstown hall,college park,md,20742
4909,2/1/09 23:26,Eliza,Gromisch,lqmoresch@jumpstartlab.com,3016761000,8241 black hawk court,frederick,md,21701
4917,2/1/09 23:29,Dordt,Tale,qxope@jumpstartlab.com,4107107000,5104 denton hall,college park,md,20742
4920,2/1/09 23:30,Christian,Rueter,xlean@jumpstartlab.com,2404980000,224 onley road #103-a,salisbury,md,21804
4932,2/1/09 23:33,Sarah,Gosse,bsore@jumpstartlab.com,3042795000,7600 flower ave.,takoma park,md,20912
4936,2/1/09 23:33,Austin,Brummel,lpldor_a@jumpstartlab.com,3013184000,8000 boteler lane,college park,md,20740
4960,2/1/09 23:39,Joseph,Kolb,avdisido@jumpstartlab.com,3013184000,8000 boteler lane,college park,md,20740
4972,2/1/09 23:43,Seth,Holleb,ouitlinef324@jumpstartlab.com,3019103000,"4226 guilford drive, apt a",college park,md,20740
4979,2/1/09 23:47,Jordan,Holdaway,ekazanec@jumpstartlab.com,3015239000,8133 hagerstown hall,college park,md,20742
4993,2/1/09 23:53,Lorena,Gladfelter,ylnjen3323@jumpstartlab.com,3012040000,2 college hill,westminster,md,21157
5024,2/2/09 0:03,Ben,Rawstron,xjpivey@jumpstartlab.com,3193504000,6201 41st ave,hyattsville,md,20782
5029,2/2/09 0:07,Laura,Butler,drcyprian@jumpstartlab.com,3013184000,247-9c new leonardtown,college park,md,20742
5047,2/2/09 0:22,Jake,Sorenson,pqowen09@jumpstartlab.com,3017127000,4902 cherokee street,college park,md,20740
5107,2/2/09 6:55,Kyle,Wolfson,gjethin@jumpstartlab.com,2022220000,4004 32nd st,mount rainier,md,20712
5147,2/2/09 9:47,Kerry,Spence,cghsjp@jumpstartlab.com,4103031000,7400 columbia ave,college park,md,20740
5158,2/2/09 10:30,Dan,Aungst,vmrthsaver@jumpstartlab.com,5034758000,12545 catalina drive,lusby,md,20657
